{
    "Best Model": "Random Forest",
    "Accuracy": 0.8981818181818182,
    "Precision": 0.8797507788161993,
    "Recall": 0.9080385852090033,
    "F1_Score": 0.8936708860759495,
    "ROC_AUC_Score": 0.8987184330056478
}